<?xml version="1.0" encoding="UTF-8"?>
<project-private xmlns="http://www.netbeans.org/ns/project-private/1">
    <editor-bookmarks xmlns="http://www.netbeans.org/ns/editor-bookmarks/2" lastBookmarkId="0"/>
    <open-files xmlns="http://www.netbeans.org/ns/projectui-open-files/2">
        <group>
            <file>file:/C:/Users/Youssef/Desktop/AdvProject/MyProject/src/java/source/CheckAccount.java</file>
            <file>file:/C:/Users/Youssef/Desktop/AdvProject/MyProject/src/java/source/LogoutController.java</file>
            <file>file:/C:/Users/Youssef/Desktop/AdvProject/MyProject/web/Admin.jsp</file>
            <file>file:/C:/Users/Youssef/Desktop/AdvProject/MyProject/web/RegisterVacation.jsp</file>
            <file>file:/C:/Users/Youssef/Desktop/AdvProject/MyProject/web/Login.html</file>
            <file>file:/C:/Users/Youssef/Desktop/AdvProject/MyProject/src/java/source/Employee.java</file>
            <file>file:/C:/Users/Youssef/Desktop/AdvProject/MyProject/src/java/source/AdminController.java</file>
            <file>file:/C:/Users/Youssef/Desktop/AdvProject/MyProject/web/CompleteRegister.jsp</file>
            <file>file:/C:/Users/Youssef/Desktop/AdvProject/MyProject/src/java/source/DBC.java</file>
        </group>
    </open-files>
</project-private>
