<?xml version="1.0" encoding="UTF-8"?>
<project-private xmlns="http://www.netbeans.org/ns/project-private/1">
    <editor-bookmarks xmlns="http://www.netbeans.org/ns/editor-bookmarks/2" lastBookmarkId="0"/>
    <open-files xmlns="http://www.netbeans.org/ns/projectui-open-files/2">
        <group>
            <file>file:/C:/Users/Youssef/OneDrive/Documents/NetBeansProjects/AirlineSystem/src/airlinesystem/AirlineSystem.java</file>
            <file>file:/C:/Users/Youssef/OneDrive/Documents/NetBeansProjects/AirlineSystem/src/airlinesystem/Schedule.java</file>
            <file>file:/C:/Users/Youssef/OneDrive/Documents/NetBeansProjects/AirlineSystem/src/airlinesystem/Ticket.java</file>
            <file>file:/C:/Users/Youssef/OneDrive/Documents/NetBeansProjects/AirlineSystem/src/airlinesystem/User.java</file>
            <file>file:/C:/Users/Youssef/OneDrive/Documents/NetBeansProjects/AirlineSystem/src/airlinesystem/Trip.java</file>
        </group>
    </open-files>
</project-private>
